{
    "DummyClassifier": {
        "accuracy": 0.5754166666666667,
        "f1": 0.34045307443365697,
        "roc_auc": 0.5136705855466965
    },
    "LogisticRegression": {
        "accuracy": 0.8279166666666666,
        "f1": 0.7081272084805653,
        "roc_auc": 0.8748619293078055
    },
    "DecisionTree": {
        "accuracy": 0.8566666666666667,
        "f1": 0.7580872011251758,
        "roc_auc": 0.8890137785028694
    },
    "RandomForest": {
        "accuracy": 0.9104166666666667,
        "f1": 0.8497554157931516,
        "roc_auc": 0.9579955626936164
    },
    "GradientBoosting": {
        "accuracy": 0.9108333333333334,
        "f1": 0.853021978021978,
        "roc_auc": 0.9599650538316996
    }
}