experiment_id,dataset,seed,model_summary,optimizer,lr,momentum,weight_decay,epochs_trained,best_val_accuracy,best_val_loss
E1,KMNIST,42,"[512, 256, 128]/ReLU/DPFalse/BNFalse",Adam,0.001,0.0,0.0,20,0.9784166666666667,0.08763301326831181
E2,KMNIST,42,"[512, 256, 128]/ReLU/DPTrue/BNFalse",Adam,0.001,0.0,0.0,20,0.983,0.0717965896713237
E3,KMNIST,42,"[512, 256, 128]/ReLU/DPFalse/BNTrue",Adam,0.001,0.0,0.0,20,0.9813333333333333,0.06936279915769895
E4,KMNIST,42,"[512, 256, 128]/ReLU/DPTrue/BNFalse",Adam,0.001,0.0,0.0,18,0.9805833333333334,0.07306059751907984
O1,KMNIST,42,"[512, 256, 128]/ReLU/DPFalse/BNFalse",Adam,0.1,0.0,0.0,8,0.11333333333333333,2.302836800257365
O2,KMNIST,42,"[512, 256, 128]/ReLU/DPFalse/BNFalse",Adam,1e-05,0.0,0.0,8,0.8881666666666667,0.396551126241684
O3,KMNIST,42,"[512, 256, 128]/ReLU/DPFalse/BNFalse",SGD,0.01,0.9,0.0001,15,0.9754166666666667,0.08532605437437693
